月份,上证月涨跌幅
2025-04,-1.7002219682393904
2025-05,2.087691594412333
2025-06,2.895872727523341
2025-07,3.7388517411190536
2025-08,7.968161761591053
2025-09,0.6441308413474234
2025-10,1.8546761146904345
2025-11,-1.6737700647331155
2025-12,2.0635762036790073
2026-01,3.756970575655605
2026-02,1.0911408921359111
2026-03,-6.510389908956338
2026-04,5.660481989187294
2026-05,1.3953355271891565
